<Map name="fxmapy" width="600" height="400" maxExtent="-180,-90,180,90"
	zoom="6" lon="1.58313" lat="49.77813" proxy="http://openscales.org/proxy.php?url=">

	<Layers>
		<Mapnik active="false" label="Mapnik" name="Mapnik"
				maxResolution="156543.0339" minResolution="0.5971642833709717"
				numZoomLevels="20" maxExtent="-20037508.34,-20037508.34,20037508.34,20037508.34"
				isBaseLayer="true" />
		<WMSC active="false" label="Metacarta" name="Metacarta"
			url="http://labs.metacarta.com/wms-c/Basic.py" layers="satellite"
			format="image/jpeg" isBaseLayer="false" />
	</Layers>

	<Handlers>
		<DragHandler />
		<WheelHandler />
	</Handlers>

	<Controls>
		<PanComponent id="pan"/>
	</Controls>

	<Catalog>
		<Category label="Level1">
			<Mapnik active="false" label="Mapnik" name="Mapnik"
				maxResolution="156543.0339" 
				numZoomLevels="20" maxExtent="-20037508.34,-20037508.34,20037508.34,20037508.34"
				isBaseLayer="false" />
			<WMSC active="false" label="Metacarta" name="Metacarta"
				url="http://labs.metacarta.com/wms-c/Basic.py" layers="satellite"
				format="image/jpeg" isBaseLayer="false" />
			<WMSC active="false" label="OpenLayers WMS" name="OpenLayers WMS"
				url="http://labs.metacarta.com/wms-c/Basic.py" layers="basic"
				isBaseLayer="false" />
		</Category>
		<Category label="level2">
			<Category active="false" label="Level 2.1">
				<WFS active="false" label="States" name="States" isBaseLayer="false"
					url="http://sigma.openplans.org/geoserver/wfs" typename="topp:states"
					srs="EPSG:4326" version="1.0.0" />
			</Category>
			<WFS active="false" label="test" name="test" isBaseLayer="false"
				url="http://sigma.openplans.org/geoserver/wfs" typename="tiger:poi"
				srs="EPSG:4326" version="1.0.0" use110Capabilities="false" />
		</Category>
	</Catalog>

	<Custom>
		<MyCustomElements>
			<MyCustomElement myattribute="test">value</MyCustomElement>
		</MyCustomElements>
	</Custom>
</Map>
